[
    {
        "id": 1,
        "Nombre": "Armando Barreda",
        "userName": "Armando_barreda",
        "password": "admin123"
    },
    {
        "id": 2,
        "Nombre": "Pedro Picapiedra",
        "userName": "Pedro_picapiedra",
        "password": "contraseña456"
    },
    {
        "id": 3,
        "Nombre": "Veterinaria Patitas",
        "userName": "vet_patitas",
        "password": "huellas789"
    },
    {
        "id": 4,
        "Nombre": "Cruz Azul",
        "userName": "cruz_Azul",
        "password": "cruspass321"
    },
    {
        "id": 5,
        "Nombre": "Hominis",
        "userName": "hominis_salud",
        "password": "sinfront654"
    }
]