[
    {
        "id": 1,
        "nombre": "Juan",
        "apellido": "Pérez",
        "numMatricula": "M12345",
        "telefono": "1234567890",
        "whatsapp": "1234567890",
        "mail ": "juan.perez@hospital.com",
        "userName": "juanperez",
        "password": "medico123"
    },
    {
        "id": 2,
        "nombre": "María",
        "apellido": "Gómez ",
        "numMatricula": "M67890",
        "telefono": "0987654321",
        "whatsapp": "0987654321",
        "mail": "maria.gomez@hospital.com",
        "userName": "mariagomez",
        "contraseña ": "contraseña456"
    },
    {
        "id": 3,
        "nombre": "Carlos",
        "apellido": "López",
        "numMatricula": "M23456",
        "telefono": "4567890123",
        "whatsap p": "4567890123",
        "mail": "carlos.lopez@hospital.com",
        "userName": "carloslopez",
        "password": "secure789"
    },
    {
        "id": 4,
        "nombre": " Ana",
        "apellido": "Martínez",
        "numMatricula": "M34567",
        "telefono": "2345678901",
        "whatsapp": "2345678901",
        "mail": "ana.martinez@hospital.com",
        " userName": "anamartinez",
        "password": "ana321"
    },
    {
        "id": 5,
        "nombre": "Luis",
        "apellido": "Ramírez",
        "numMatricula": "M45678",
        "telefono": "3216549870",
        "whatsapp": "3216549870",
        "mail": "luis.ramirez@hospital.com",
        "userName": "luisramirez",
        "contraseña": "luis654"
    }
]