[
    {
        "id": 1,
        "nombre": "Juan",
        "apellido": "Pérez",
        "direccion": "Calle 123",
        "documento": "12345678",
        "telefono": "1234567890",
        "whatsapp": "1234567890",
        "mail": "juan.perez@mail.com",
        "userName": "juanperez",
        "password": "password123"
    },
    {
        "id": 2,
        "nombre": "María",
        "apellido": "Gómez",
        "direccion": "Avenida 45",
        "documento": "87654321",
        "telefono": "0987654321",
        "whatsapp": "0987654321",
        "mail": "maria.gomez@mail.com",
        "userName": "mariagomez",
        "password": "maria456"
    },
    {
        "id": 3,
        "nombre": "Carlos",
        "apellido": "López",
        "direccion": "Calle Real 8",
        "documento": "23456789",
        "telefono": "4567890123",
        "whatsapp": "4567890123",
        "mail": "carlos.lopez@mail.com",
        "userName": "carloslopez",
        "password": "carlos789"
    },
    {
        "id": 4,
        "nombre": "Ana",
        "apellido": "Martínez",
        "direccion": "Boulevard 76",
        "documento": "34567890",
        "telefono": "2345678901",
        "whatsapp": "2345678901",
        "mail": "ana.martinez@mail.com",
        "userName": "anamartinez",
        "password": "ana321"
    },
    {
        "id": 5,
        "nombre": "Luis",
        "apellido": "Hernández",
        "direccion": "Carrera 54",
        "documento": "45678901",
        "telefono": "3216549870",
        "whatsapp": "3216549870",
        "mail": "luis.hernandez@mail.com",
        "userName": "luishernandez",
        "password": "luis654"
    },
    {
        "id": 6,
        "nombre": "Laura",
        "apellido": "Ramírez",
        "direccion": "Calle del Sol 27",
        "documento": "56789012",
        "telefono": "5678901234",
        "whatsapp": "5678901234",
        "mail": "laura.ramirez@mail.com",
        "userName": "lauraramirez",
        "password": "laura987"
    },
    {
        "id": 7,
        "nombre": "Pedro",
        "apellido": "Torres",
        "direccion": "Avenida Central 10",
        "documento": "67890123",
        "telefono": "6789012345",
        "whatsapp": "6789012345",
        "mail": "pedro.torres@mail.com",
        "userName": "pedrotorres",
        "password": "pedro321"
    },
    {
        "id": 8,
        "nombre": "Sofía",
        "apellido": "Sánchez",
        "direccion": "Calle Luna 22",
        "documento": "78901234",
        "telefono": "7890123456",
        "whatsapp": "7890123456",
        "mail": "sofia.sanchez@mail.com",
        "userName": "sofiasanchez",
        "password": "sofia654"
    },
    {
        "id": 9,
        "nombre": "David",
        "apellido": "Ortiz",
        "direccion": "Paseo de la Paz 19",
        "documento": "89012345",
        "telefono": "8901234567",
        "whatsapp": "8901234567",
        "mail": "david.ortiz@mail.com",
        "userName": "davidortiz",
        "password": "david987"
    },
    {
        "id": 10,
        "nombre": "Julia",
        "apellido": "Castillo",
        "direccion": "Plaza Mayor 5",
        "documento": "90123456",
        "telefono": "9012345678",
        "whatsapp": "9012345678",
        "mail": "julia.castillo@mail.com",
        "userName": "juliacastillo",
        "password": "julia123"
    }
]